{"_step":89,"loss":0.06619077717909289,"_timestamp":1.7610189173484287e+09,"_runtime":491.430890881,"gen_images":{"width":128,"height":32,"_type":"image-file","sha256":"0add1fac1098cff6d0067c06a2ac0944ac4ece2e18b465676683537b7bce81c0","size":7788,"path":"media/images/gen_images_89_0add1fac1098cff6d006.png","format":"png"},"_wandb":{"runtime":491}}