{"_wandb":{"runtime":914},"loss":0.04038783575275114,"_timestamp":1.761156133099401e+09,"_runtime":914.305736687,"_step":199,"gen_images":{"_type":"image-file","sha256":"86d2ab6bd67975aeb206faedcef10bf861928d9616440aa0581e9fc3fc8cf13f","size":12388,"path":"media/images/gen_images_199_86d2ab6bd67975aeb206.png","format":"png","width":128,"height":32}}