{"_wandb":{"runtime":167},"loss":0.14132815812655966,"_timestamp":1.7611846588717725e+09,"_runtime":163.743199156,"_step":1,"val_loss":0.06677178993821144}