{"gen_images":{"path":"media/images/gen_images_152_28a87f7c107f5705ef19.png","format":"png","width":128,"height":32,"_type":"image-file","sha256":"28a87f7c107f5705ef195907cbec2db9e272e05a45a63cd441dc97d0e014fb22","size":12388},"_wandb":{"runtime":7628},"_timestamp":1.7611696671310935e+09,"_runtime":7625.116817306,"_step":152,"loss":0.030103490628283016,"val_loss":0.029467945001088083}