{"_runtime":87.267000146,"_step":81,"gen_images":{"height":32,"_type":"image-file","sha256":"7fa94aa605354f98af1cdb08b558be11a7fe91667b9cf3be1d4869920184fc8e","size":12388,"path":"media/images/gen_images_81_7fa94aa605354f98af1c.png","format":"png","width":128},"_wandb":{"runtime":89},"loss":0.1413635185786656,"_timestamp":1.761147201642767e+09}