{"loss":0.23645550180488908,"_wandb":{"runtime":166},"_timestamp":1.7611452575899084e+09,"_runtime":166.558190346,"_step":0}