{"_step":1,"loss":0.13934716103877515,"val_loss":0.06638642344623805,"_wandb":{"runtime":168},"_timestamp":1.7611843390557532e+09,"_runtime":164.099575044}