{"_wandb":{"runtime":168},"_timestamp":1.7611841174557757e+09,"_runtime":164.040668879,"_step":1,"loss":0.13399777409266417,"val_loss":0.0655611640587449}