{"val_loss":0.0664554214477539,"_wandb":{"runtime":168},"_timestamp":1.7611849345328605e+09,"_runtime":163.929985277,"_step":1,"loss":0.1375422805366458}