{"gen_images":{"sha256":"65fc1b1102f03f9bd7400b3b5d993053526462fb5c2bd43adf986b7092dc6609","size":8257,"path":"media/images/gen_images_44_65fc1b1102f03f9bd740.png","format":"png","width":128,"height":32,"_type":"image-file"},"_wandb":{"runtime":268},"_timestamp":1.7610195351328087e+09,"_runtime":268.482396195,"_step":44,"loss":0.05186490775663911}