{"_timestamp":1.7612483838491757e+09,"_wandb":{"runtime":34580},"gen_images":{"width":128,"_type":"image-file","format":"png","height":32,"path":"media/images/gen_images_207_14fb699a46fd3c3aa263.png","sha256":"14fb699a46fd3c3aa263f25250c42814c061c82fb25ab4a40ee268d3d2fce885","size":8826},"loss":0.056189225187642015,"val_loss":0.05559385266155004,"_runtime":17290.68747741,"_step":239}